{
  "correlation_matrix": [
    [
      1.0,
      -0.2841666081534419,
      -0.3756108643135894,
      0.5448777942500466,
      0.526855095230264,
      -0.3532535027431328,
      -0.0016794084296637912,
      0.3671062975187716
    ],
    [
      -0.2841666081534419,
      1.0,
      0.5055666907255897,
      0.06360651178491784,
      0.4769429246352784,
      0.9375266266402089,
      0.38434911938167876,
      0.191987448477451
    ],
    [
      -0.3756108643135894,
      0.5055666907255898,
      1.0,
      0.15456887305430628,
      -0.09894968806580688,
      0.27620272334601736,
      0.7729569154335145,
      -0.1106730572526269
    ],
    [
      0.5448777942500466,
      0.06360651178491786,
      0.1545688730543063,
      1.0,
      0.4142403115134102,
      0.009548603569144115,
      0.7031359862398842,
      0.25830767998053317
    ],
    [
      0.5268550952302641,
      0.47694292463527843,
      -0.09894968806580688,
      0.4142403115134102,
      1.0,
      0.39699850009345405,
      0.08069273223116821,
      0.33899321403379695
    ],
    [
      -0.3532535027431328,
      0.9375266266402089,
      0.2762027233460174,
      0.009548603569144113,
      0.39699850009345405,
      1.0,
      0.21254037959645775,
      0.19702360118471338
    ],
    [
      -0.0016794084296637912,
      0.38434911938167876,
      0.7729569154335145,
      0.7031359862398843,
      0.0806927322311682,
      0.21254037959645777,
      0.9999999999999999,
      0.08147920198783858
    ],
    [
      0.36710629751877166,
      0.191987448477451,
      -0.1106730572526269,
      0.25830767998053317,
      0.33899321403379695,
      0.19702360118471338,
      0.08147920198783858,
      0.9999999999999998
    ]
  ],
  "factor_names": [
    "India_CPI",
    "India_GDP",
    "India_Repo_Rate",
    "INR_USD",
    "US_CPI",
    "US_GDP",
    "US_Fed_Rate",
    "NIFTY100_Return"
  ],
  "company_qmr_betas": {
    "RELIANCE": {
      "individual_betas": {
        "India_CPI": 0.022763404619989432,
        "India_GDP": -0.17727750416321872,
        "India_Repo_Rate": -0.007432778582629002,
        "INR_USD": -0.04706422976926162,
        "US_CPI": 0.016611400134135323,
        "US_GDP": 0.14912220631355838,
        "US_Fed_Rate": 0.058435163947887794,
        "NIFTY100_Return": 0.005499403232199628
      },
      "resultant_beta": 0.03915417271632112,
      "sector_analysis": {
        "betas": {
          "India_CPI": 0.022763404619989432,
          "India_GDP": -0.08863875208160936,
          "India_Repo_Rate": -0.007279900668588641,
          "INR_USD": -0.04706422976926162,
          "US_CPI": 0.016611400134135323,
          "US_GDP": 0.07456110315677919,
          "US_Fed_Rate": 0.05723326537501253,
          "NIFTY100_Return": 0.005499403232199628
        },
        "alpha": 0.010237903618567466,
        "r_squared": 0.3748256604536343,
        "sector_returns": [
          -0.03553724471057439,
          -0.004819627958083557,
          -0.024225204885434143,
          0.004753887801766983,
          -0.010871409006449149,
          -0.02012541923720483,
          0.02904178694465686,
          -0.010216646966799605,
          0.027176527742031012,
          -0.011705977216251075,
          0.05492318891032827,
          -0.002813005485493231,
          0.05679166048091028,
          0.00228026827446098,
          0.029869415768904055,
          -0.03223929398716402,
          -0.006499288465332698,
          0.04951773040386533,
          0.018789387462022026,
          0.0413452097784487,
          0.018211618531851503,
          -0.005524319772082648,
          0.017181958096947853,
          0.005999580056003796,
          0.05475720624239083,
          0.00021167440850129032,
          0.03694585423848698,
          0.05036809800299459,
          -0.010121198153400996,
          0.019654866841386134,
          0.002748317561714784,
          -0.01825668590924471
        ]
      },
      "adjustments": {
        "debt_adjustment": 0.021,
        "size_adjustment": 2.0,
        "volatility_adjustment": 0.5599999999999999
      }
    },
    "HDFCBANK": {
      "individual_betas": {
        "India_CPI": 0.033807761694568304,
        "India_GDP": -0.08986556418206583,
        "India_Repo_Rate": -0.013661804246606903,
        "INR_USD": -0.05431441175606296,
        "US_CPI": 0.012208080825231882,
        "US_GDP": 0.10264626386862176,
        "US_Fed_Rate": 0.05052811314089535,
        "NIFTY100_Return": -0.0023649389916566912
      },
      "resultant_beta": 0.02882128562863678,
      "sector_analysis": {
        "betas": {
          "India_CPI": 0.033807761694568304,
          "India_GDP": -0.044932782091032915,
          "India_Repo_Rate": -0.009107869497737935,
          "INR_USD": -0.05431441175606296,
          "US_CPI": 0.012208080825231882,
          "US_GDP": 0.05132313193431088,
          "US_Fed_Rate": 0.0336854087605969,
          "NIFTY100_Return": -0.0023649389916566912
        },
        "alpha": 0.013204064558949184,
        "r_squared": 0.46602381618068217,
        "sector_returns": [
          0.04838594839715239,
          0.028729518553863742,
          0.014614627322110952,
          0.011693264051487705,
          0.011408376697648794,
          0.00843439328996214,
          0.02789415441697301,
          -0.0006035265972536182,
          -0.02392464537459091,
          0.04469352182325016,
          0.027982988205946323,
          -0.011116781652994574,
          0.02377231388073404,
          -0.022384260972480145,
          -0.01728259579933354,
          0.05448031173311517,
          -0.00358432915498387,
          0.11512691353413049,
          0.06282763626571114,
          0.03906990903121951,
          0.04549119094657684,
          0.04934100511359795,
          0.002962163560647997,
          0.005589989496608156,
          -0.007908532142667533,
          0.016009320714845725,
          0.034914257423995586,
          0.012280642356379316,
          0.016686658167001347,
          -0.07337407609500823,
          -0.07941610221511387,
          -0.04026418909215993
        ]
      },
      "adjustments": {
        "debt_adjustment": 0.5,
        "size_adjustment": 2.0,
        "volatility_adjustment": 0.975
      }
    },
    "BHARTIARTL": {
      "individual_betas": {
        "India_CPI": 0.0008116772086585343,
        "India_GDP": -0.05963405396364424,
        "India_Repo_Rate": -0.006943604235622493,
        "INR_USD": -0.038300288265353276,
        "US_CPI": 0.01791573856019191,
        "US_GDP": 0.04928912049854843,
        "US_Fed_Rate": 0.03523276684931375,
        "NIFTY100_Return": -5.1813929573801126e-05
      },
      "resultant_beta": 0.01381997348171985,
      "sector_analysis": {
        "betas": {
          "India_CPI": 0.0008116772086585343,
          "India_GDP": -0.02981702698182212,
          "India_Repo_Rate": -0.00591952620257672,
          "INR_USD": -0.038300288265353276,
          "US_CPI": 0.01791573856019191,
          "US_GDP": 0.024644560249274215,
          "US_Fed_Rate": 0.030036459377079067,
          "NIFTY100_Return": -5.1813929573801126e-05
        },
        "alpha": 0.014978025662775235,
        "r_squared": 0.24346580595087153,