{
  "correlation_matrix": [
    [
      1.0,
      -0.2841666081534419,
      -0.3756108643135894,
      0.5448777942500466,
      0.526855095230264,
      -0.3532535027431328,
      -0.0016794084296637912,
      -0.13462358232672558
    ],
    [
      -0.2841666081534419,
      1.0,
      0.5055666907255897,
      0.06360651178491784,
      0.4769429246352784,
      0.9375266266402089,
      0.38434911938167876,
      0.38448786036337607
    ],
    [
      -0.3756108643135894,
      0.5055666907255898,
      1.0,
      0.15456887305430628,
      -0.09894968806580688,
      0.27620272334601736,
      0.7729569154335145,
      0.487036466627518
    ],
    [
      0.5448777942500466,
      0.06360651178491786,
      0.1545688730543063,
      1.0,
      0.4142403115134102,
      0.009548603569144115,
      0.7031359862398842,
      -0.10763257669100548
    ],
    [
      0.5268550952302641,
      0.47694292463527843,
      -0.09894968806580688,
      0.4142403115134102,
      1.0,
      0.39699850009345405,
      0.08069273223116821,
      0.11365271643420488
    ],
    [
      -0.3532535027431328,
      0.9375266266402089,
      0.2762027233460174,
      0.009548603569144113,
      0.39699850009345405,
      1.0,
      0.21254037959645775,
      0.2124445583574786
    ],
    [
      -0.0016794084296637912,
      0.38434911938167876,
      0.7729569154335145,
      0.7031359862398843,
      0.0806927322311682,
      0.21254037959645777,
      0.9999999999999999,
      0.25635378273853365
    ],
    [
      -0.13462358232672555,
      0.384487860363376,
      0.4870364666275179,
      -0.10763257669100548,
      0.11365271643420488,
      0.21244455835747864,
      0.25635378273853365,
      0.9999999999999999
    ]
  ],
  "factor_names": [
    "India_CPI",
    "India_GDP",
    "India_Repo_Rate",
    "INR_USD",
    "US_CPI",
    "US_GDP",
    "US_Fed_Rate",
    "NIFTY100_Return"
  ],
  "sector_betas": {
    "Financial Services": {
      "individual_betas": {
        "India_CPI": -0.2,
        "India_GDP": 1.2,
        "India_Repo_Rate": -0.8,
        "INR_USD": 0.1,
        "US_CPI": -0.1,
        "US_GDP": 0.3,
        "US_Fed_Rate": -0.6,
        "NIFTY100_Return": 0.95
      },
      "resultant_beta": 1.721074423792569
    },
    "Information Technology": {
      "individual_betas": {
        "India_CPI": 0.1,
        "India_GDP": 0.4,
        "India_Repo_Rate": -0.3,
        "INR_USD": -0.7,
        "US_CPI": -0.4,
        "US_GDP": 1.5,
        "US_Fed_Rate": -0.2,
        "NIFTY100_Return": 1.15
      },
      "resultant_beta": 2.3292710036714093
    },
    "Oil Gas & Consumable Fuels": {
      "individual_betas": {
        "India_CPI": 0.9,
        "India_GDP": 0.8,
        "India_Repo_Rate": -0.4,
        "INR_USD": 0.5,
        "US_CPI": 0.8,
        "US_GDP": 0.6,
        "US_Fed_Rate": -0.3,
        "NIFTY100_Return": 1.25
      },
      "resultant_beta": 2.634431427976954
    },
    "Telecommunication": {
      "individual_betas": {
        "India_CPI": -0.3,
        "India_GDP": 0.8,
        "India_Repo_Rate": -0.5,
        "INR_USD": -0.3,
        "US_CPI": -0.2,
        "US_GDP": 0.2,
        "US_Fed_Rate": -0.4,
        "NIFTY100_Return": 0.85
      },
      "resultant_beta": 1.5042102352205267
    },
    "Fast Moving Consumer Goods": {
      "individual_betas": {
        "India_CPI": -0.6,
        "India_GDP": 0.7,
        "India_Repo_Rate": -0.3,
        "INR_USD": -0.2,
        "US_CPI": -0.4,
        "US_GDP": 0.3,
        "US_Fed_Rate": -0.2,
        "NIFTY100_Return": 0.75
      },
      "resultant_beta": 1.604731931447887
    }
  },
  "company_qmr_betas": {
    "RELIANCE": {
      "sector": "Oil Gas & Consumable Fuels",
      "individual_betas": {
        "India_CPI": 0.9,
        "India_GDP": 1.2000000000000002,
        "India_Repo_Rate": -0.4084,
        "INR_USD": 0.5,
        "US_CPI": 0.8,
        "US_GDP": 0.8999999999999999,
        "US_Fed_Rate": -0.30629999999999996,
        "NIFTY100_Return": 1.1400000000000001
      },
      "resultant_beta": 3.0470372954349605,
      "adjustments": {
        "debt_adjustment": 0.021,
        "size_factor": 1.5,
        "growth_factor": 0.5599999999999999
      }
    },
    "HDFCBANK": {
      "sector": "Financial Services",
      "individual_betas": {
        "India_CPI": -0.2,
        "India_GDP": 1.7999999999999998,
        "India_Repo_Rate": -1.2000000000000002,
        "INR_USD": 0.1,
        "US_CPI": -0.1,
        "US_GDP": 0.44999999999999996,
        "US_Fed_Rate": -0.8999999999999999,
        "NIFTY100_Return": 0.94525
      },
      "resultant_beta": 2.369265017903174,
      "adjustments": {
        "debt_adjustment": 0.5,
        "size_factor": 1.5,
        "growth_factor": 0.975
      }
    },
    "BHARTIARTL": {
      "sector": "Telecommunication",
      "individual_betas": {
        "India_CPI": -0.3,
        "India_GDP": 1.2000000000000002,
        "India_Repo_Rate": -0.5865,
        "INR_USD": -0.3,
        "US_CPI": -0.2,
        "US_GDP": 0.30000000000000004,
        "US_Fed_Rate": -0.46920000000000006,
        "NIFTY100_Return": 1.0863
      },
      "resultant_beta": 1.9817497612579933,
      "adjustments": {
        "debt_adjustment": 0.17300000000000001,
        "size_factor": 1.5,
        "growth_factor": 2.3899999999999997
      }
    },
    "TCS": {
      "sector": "Information Technology",
      "individual_betas": {
        "India_CPI": 0.1,
        "India_GDP": 0.6000000000000001,
        "India_Repo_Rate": -0.3021,
        "INR_USD": -0.7,
        "US_CPI": -0.4,
        "US_GDP": 2.25,
        "US_Fed_Rate": -0.2014,
        "NIFTY100_Return": 1.2431499999999998
      },
      "resultant_beta": 3.1651908795397583,
      "adjustments": {
        "debt_adjustment": 0.007000000000000001,
        "size_factor": 1.5,
        "growth_factor": 1.405
      }
    },
    "ICICIBANK": {
      "sector": "Financial Services",
      "individual_betas": {
        "India_CPI": -0.2,
        "India_GDP": 1.7999999999999998,
        "India_Repo_Rate": -1.2000000000000002,
        "INR_USD": 0.1,
        "US_CPI": -0.1,
        "US_GDP": 0.44999999999999996,
        "US_Fed_Rate": -0.8999999999999999,
        "NIFTY100_Return": 0.9291
      },
      "resultant_beta": 2.363023230475767,
      "adjustments": {
        "debt_adjustment": 0.5,
        "size_factor": 1.5,
        "growth_factor": 0.89
      }
    },
    "SBIN": {
      "sector": "Financial Services",
      "individual_betas": {
        "India_CPI": -0.2,
        "India_GDP": 1.7999999999999998,
        "India_Repo_Rate": -1.2000000000000002,
        "INR_USD": 0.1,
        "US_CPI": -0.1,
        "US_GDP": 0.44999999999999996,
        "US_Fed_Rate": -0.8999999999999999,
        "NIFTY100_Return": 0.8531
      },
      "resultant_beta": 2.3349261508504546,
      "adjustments": {
        "debt_adjustment": 0.5,
        "size_factor": 1.5,
        "growth_factor": 0.49000000000000005
      }
    },
    "HINDUNILVR": {
      "sector": "Fast Moving Consumer Goods",
      "individual_betas": {
        "India_CPI": -0.6,
        "India_GDP": 0.871040478,
        "India_Repo_Rate": -0.30389999999999995,
        "INR_USD": -0.2,
        "US_CPI": -0.4,
        "US_GDP": 0.373303062,
        "US_Fed_Rate": -0.2026,
        "NIFTY100_Return": 1.04175
      },
      "resultant_beta": 1.9510056467587114,
      "adjustments": {
        "debt_adjustment": 0.013000000000000001,
        "size_factor": 1.24434354,
        "growth_factor": 2.945
      }
    },
    "INFY": {
      "sector": "Information Technology",
      "individual_betas": {
        "India_CPI": 0.1,
        "India_GDP": 0.497327976,
        "India_Repo_Rate": -0.3024,
        "INR_USD": -0.7,
        "US_CPI": -0.4,
        "US_GDP": 1.8649799099999997,
        "US_Fed_Rate": -0.2016,
        "NIFTY100_Return": 1.2282
      },
      "resultant_beta": 2.7443476686644015,
      "adjustments": {
        "debt_adjustment": 0.008,
        "size_factor": 1.24331994,